seq,1,2,3,4,5,6,7,8
AANKKTHQQHTNGTSTAQDQDGAD,371.592484693225,145.637519055077,72.4592170903119,34.5509137673569,23.5284469867514,15.9341051525604,11.9742759960235,9.26634262417874
AAQRRGQNAKGNGANEQATESAGN,365.822224708257,143.2553992584,69.644398755633,34.3851338219088,23.2927564604145,15.7877307891876,11.8636142924092,9.17105456680659
ADQDHHSGGQHGGNSTHAGRSARG,357.712315767841,141.25977009087,65.0569630392741,33.7059345601307,22.7155433916496,15.5763547018115,11.9051475051813,9.11755834111415
AEGDNGTEQQTTGTQATANGANQK,374.840094863388,156.048942515465,67.6807464306961,33.4606017187211,22.9890625700859,15.3676281914073,11.7759200409596,9.18838513054296
AHRDSATDSAQTHDQHNTGASTTR,368.033286694899,152.017268963955,64.507131758384,33.6654456268515,22.5302659507567,15.7463163454378,11.6800115563866,9.23262811387365
ANKKTQQGTNAAQGNTHSEDHAGD,362.872139133265,142.657612667671,68.0724390514202,34.2137732582573,22.9519843029642,15.5999405327764,11.8390709171267,9.13587878054141
ARHSAGNGTSSSSGEDPDDEDDGT,366.89328574664,145.941261740317,69.4807799948862,34.1207032498997,22.6154818235005,15.5944788178106,11.7340217132332,9.02650800925283
ATDDHTNAHSKTSRAANQSGNQRS,368.81787320695,149.58291893211,66.6230367543483,34.0789631007186,22.9444360840553,15.8823129836802,11.9866425533205,9.37971103375852
DDEEAEDAASTATHQSTSNAKRRQ,358.271388449898,132.992522947808,69.5767556763915,36.0397205894311,23.8384065593301,16.0043372781411,12.1818106920557,9.29683872922819
DDGDPEGGTQAAQTGPHNTNGHRG,361.213322745085,142.822838834777,66.532845801531,34.1365316995197,22.7251236158964,15.7300429952933,11.8305357620341,9.01214973290828
DDTDRDADTTGAEHAGHTTTTAKK,374.599212956336,150.19282635845,71.278867785709,35.2522345148163,23.1213925065513,15.5390155149357,11.865482964249,9.11733726913088
DEAGANHNGTGVGTTGQRRKSRRT,366.346507814662,140.112763764556,72.9062328914378,34.9360316239908,22.8958354687532,16.0287371172805,11.9954754087843,9.19935650552733
DEDNAQSATTHAQGNSPKAKRGKA,365.277678029238,142.641175596054,69.0348521122775,35.4146547167324,23.1375474268214,15.6168934072176,11.949128302111,9.16656600729529
DENGHQGQSSGANKSASRGPNHAA,362.928505458774,144.487462061267,66.3526106034111,34.4470774776776,22.5413732577928,15.6197637238325,11.8026765083479,9.14784605332045
DMSAGTGHEGHQSHSPGQDDTEKS,371.542403293084,154.587882202962,65.4749849414796,34.2223417625885,22.1447406756412,15.7305236028823,11.7657995758035,9.12689875952058
DPNEASDTKNEARSGKGAGKQQAT,367.307959137762,148.480808318235,66.8511545881094,34.6884648545663,22.7327083208207,15.3872967713351,11.848156236828,8.96127757827244
DQETTESMQTNNGSGAAGTHGNRR,361.233201578686,141.271601440931,66.8035888246897,34.6810609327261,23.0626661201875,15.8573673147379,12.0022636023968,9.13219850855432
DSDDSSEPAGNSSGANGHAGKKRK,352.15977119779,130.579397859796,69.7272631968699,34.0186884913163,22.8697977721917,15.5989608722674,11.8034974181637,9.13275856599095
DSDTQHDNNNPSGSAAQNSQGSKV,369.049211920991,146.209714110107,70.6708196356645,34.228918723308,22.9996926113038,15.5373928076045,11.858977913907,9.17400631082866
DSGEEETAQHSGPSSATSTSKKKN,369.246127831409,146.313033191058,70.6726983100425,34.2555361078259,23.2192655899858,15.5133773208777,11.8181723025169,9.15239286680609
DTDHEEAGQTNQQNTNSMTARGAT,371.990041236502,151.990741917892,65.6827085541115,35.5743097629909,23.1792466190175,15.996372425057,12.0491630754906,9.20211607694877
DTGGEMATTGAQGNGHHSQNKRTT,366.271921094711,143.567763546619,69.9274574231345,34.5936999205548,23.0030437250093,15.7028865002512,11.8904653993646,9.13550920487082
EAEDGAGHQTENAQHQTHHTASGK,372.25845385696,150.082524576986,69.3324614272545,33.7025868082587,23.4827217618386,15.9206227069542,11.9596097204894,9.31057967781802
EDEGDDVEGGQNSNSHATANNSKA,365.952286937245,144.682912534394,68.2815648622664,35.0567404959126,23.0226426777977,15.5887185994733,11.8033382991821,9.17412899328194
EDEGDEESSATSAASTTGNGRRKK,347.615240019775,122.582339752603,70.9707630970136,35.4315411614698,23.371521664314,15.8345414173652,11.8892895162821,9.09158807144486
EDTDDDAQSAAAHGAHTGTHRRTK,352.50141059327,126.382846992517,70.9166485299023,35.6441418506826,23.8778751171316,16.0134557298179,12.1020647663428,9.16671554788915
EENDNTDSEGTAHTAAKGNAKKRA,360.242471986651,135.033094501,70.8195128471956,35.932748748837,23.1996131527535,15.7512310154126,12.0132453717424,9.22530548962438
ESDTDDNAQTSGASQQANGNHGRA,361.761058821774,142.731637764583,67.2975904392544,33.5763748869017,23.2109945114199,15.566804807643,11.8028569910571,9.15054011781046
ETDTNHGNEAASSGTARKHTRGRG,363.045191147056,139.003007052767,71.2869169619332,34.8014932113137,22.9401345038179,15.6337298108312,11.8625352393735,9.17800771083583
ETETEEDTTHNNRSASGGPKSAHA,369.829852800789,148.663148252628,66.760757989138,36.0740804541705,23.010432931777,15.8554418243077,12.0248396375969,9.12432332732026
ETNEAEQQTSAHAGANGQSANTKK,366.973610673789,145.32513337553,69.2266802313995,34.2034119839843,22.7034485117383,15.9780989617509,11.9130716461863,9.16357944684886
GDSVDSGSTHNNNHAHTNGSRARG,363.594672170287,146.896552929577,64.4391892516912,34.4841558839834,22.6590513839706,15.6915412546751,11.8932939069027,9.20582771373214
GEDAAHSQQGSTATTTRKGQRRQT,368.995213916093,143.443609894453,70.9279295929395,35.2453766393615,23.7564552113155,16.0521902047775,12.0472376057601,9.28735390395713
GGAGGRNATQGPGSERSKPTKGHH,373.856349008214,155.181035989558,68.3317314082687,33.288201510404,22.463487499325,15.3143023338507,11.7513639175565,9.06996108863296
GGDNTGTTDESGAATTDSKGKSKK,368.933479538862,151.039963824986,67.6254647058384,33.7743652851892,22.5318862949996,15.2247061793112,11.4069073902552,8.98369785476221
GGHQAGATHHGKTTKTKTDQQTSG,378.275949303636,158.413763594742,67.529367720562,34.6789992333159,23.2594534453096,15.2683241666945,11.6782562667799,9.11648134780541
GKESETNTGQAQDTQSCKQTKTSV,379.79991894038,156.312459336765,70.0845424497249,35.3873961573443,22.9504314325169,15.6695211412335,11.89984620132,9.20976474663768
GKQKAKHGGQSMSAAHNGTESDDN,364.091800314904,142.974225449045,68.9203543588624,34.0516581494452,23.1163029311596,15.6808808873381,11.8314648547094,9.05503015627779
GKSHKDADARNGASARNRKASEAE,372.865973021958,154.002743326807,68.4380502541865,32.7270535230767,22.5384639790418,15.7700925306569,11.9598418376385,9.03159937423891
GSHDDDSTNDANTTAAASKTKRSK,367.310464268376,145.325435743901,69.0238223413125,34.9174556052941,22.9347938768084,15.7409456695769,11.8381705405729,9.10786176488344
GSKNQHKTQSVNGASQSSGDDAEE,368.133860270549,144.074545006549,70.70800838635,35.0980678577773,23.2146716335079,15.6716092862386,11.9118494455801,9.15453178959412
GSTARAKTTAGHDSQKAQTQKDDS,380.448906703279,159.039582754543,69.5476138007704,34.9191504154507,22.3178733081261,15.4374116473917,11.7071446960341,9.06256694093181
GTGQKRSGGVTGSRESKHDGAEGH,370.60367790462,152.922081973102,67.3945101678277,34.429113087279,22.1320397179184,14.9966063440779,11.4551334131277,8.93947098578747
HDAQDSGSTHHHQTHTANKTSVKS,374.578631972704,154.438354308474,65.8260480746811,35.8078171045097,22.9458721607415,15.9021325198051,12.0450406955671,9.2963971051538
KDEEDDNTNSGDSASAAHSNHHGA,366.567224096313,144.835577564863,69.916670224451,34.6906195988136,22.7559818858888,15.410555850505,11.5682585269513,8.97748266770394
KGDSNAQNGDTQQGSVSEGETAQT,375.355052610135,156.788224556334,67.5881312796961,34.413648650867,22.0812779572431,15.5232336372257,11.7025364696054,9.02595024075392
KGQKHGSAGTHANHNTADESDESS,366.062873762816,144.791427642973,67.2184315563566,35.7787334441003,22.9775454838739,15.6334925192632,11.938018876705,9.26972318265602
KKGASSTQHGSNHANESDTDADAD,365.9637591036,145.13600003312,68.7557590399566,34.3414860826188,22.7470106076731,15.6614266927986,11.8137835597452,9.07937068636395
KKKSATSMGNATQSAAHQDNEDAD,365.327337886119,143.608181942138,69.4040053805461,34.3841341892375,22.9654942316493,15.6099710721806,11.7218854947272,9.23424296893898
KKQRRSQAQSQTTTGTAGDQSSDA,368.299200069158,143.893150951166,69.1871691043063,36.1582301897941,23.6767376719201,15.8725337069492,12.0406146935635,9.19150508576129
KNHTTKSGHSAQANTSTDNHGGSA,368.775863610786,150.177890449243,66.9375576444357,34.1967904642095,22.7455314806919,15.5763347026663,11.6852470712528,8.92779667630914
KQSGSMGSTAQTAHSHASKNHEDE,370.012346357192,152.168196385789,66.8544539730343,33.7375407813407,22.4728227492781,15.4083389879868,11.6511031988554,9.07734098400442
KRHSQTGANGHGTHAAETAQEDGQ,361.198638172056,141.336624086129,66.748282845866,34.7210313189526,22.8432679867564,15.7132692894643,12.0558139900021,9.30218380356544
KRKSGGGGPAGQTHASDHHDGDAE,356.937308106451,141.752514261975,64.9288708191841,33.253777814816,22.3904351550328,15.3941192900287,11.6107236015135,9.00284371865242
KRSGANNAATSTHASNTDEHTQDQ,366.360923471682,147.07658951931,66.9919523158204,34.3387550314773,22.6583273375449,15.8612978893524,11.8134397610106,9.07783686267453
KRSSKASRGGAAQEKTQSPTSRQT,382.315568759911,160.014503596936,68.8284200033644,34.7102699023124,23.1820409653575,16.0921450306177,12.0380446127917,9.22569295916965
KSDGQDDDDEHSAAAHGATASGQQ,367.384184394636,151.626807946911,66.4960331931941,32.8966462894254,22.0963017752087,15.4301042026005,11.5062133652097,8.94334398004194
NDTEAETKGSTNDSSMTTGNDRST,380.549859083871,160.629979771526,68.0369426091005,34.2787460760316,22.8466038405557,15.5279058535339,11.6435891895433,9.19359903423847
NKAKTDGKNEAGPAQQNTHHTNAA,371.818504148896,152.99786365658,67.6951422406711,33.7531248344333,22.7373688535528,15.3257516119074,11.8723181411498,9.07360101269719
QDEEEEQGEPAAAAQATQTGMRKQ,366.785370968186,140.530799657579,71.9407742848395,35.1669467364369,23.5301924196599,15.9413278568969,12.0294194666678,9.23390897193502
QKTKQSGTAHGSGNGTKGSDTDEA,367.599422900048,148.832074987028,67.6324431938757,33.754652541067,22.7830706999012,15.3328915798145,11.7875079785963,9.05027058954237
QRRQHDENTNTSPAGHTTATTSVS,370.734295506027,150.286197569984,67.2449715208011,33.8992489490966,23.7569930893192,16.0781238038301,11.8845486241476,9.15169919286565
QSEHEQAETKGNSHTGVSNGKQAN,370.27392287334,149.129210188893,67.847801823625,35.5444720675319,22.4724432485612,15.5503866169106,12.0601389532549,9.13093074918933
QSKNGQKGQTDTEDNPTSTSMATT,379.623587293357,158.951422378434,67.7928110588095,34.9174036472223,22.8187718094537,15.6421564362375,11.8463294733985,9.19811228843639
RDAEDTQGTGETEVSAETEQGNSG,387.856572932657,166.589034246161,70.134808648573,34.2060867945346,22.3376797487739,15.4516049689543,11.7297627125034,9.07006721902792
REDESHDEQAQSSSSQGTTNATSA,369.942148257063,151.821428838457,67.5026442893283,33.8104521074053,22.6937848221059,15.2244451027661,11.5622320860052,9.0073832145661
RGGKQNHSTSDSENAASDHGHSAA,367.919473702808,149.781769698688,66.2544055043574,34.6266841340657,22.1556836360322,15.4548946070127,11.966302341385,9.21877482005564
RGSKGAHHNQADGSQHATHGDDGG,363.652825557154,145.968231491647,67.5109537927969,32.2105341124982,22.7880157190912,15.6129554957514,11.7842577183387,9.19388231503121
RRGSGTAQHSSQGEASDESNTNAD,363.484923996303,144.640900729123,67.22434892048,33.7200868377443,22.8193712466896,15.651967042251,11.7519393175881,9.22831784201421
RTHGRATSTSPSGSTAQDEQEDHA,363.131959239511,142.241171211288,68.7104757070871,34.584187240369,22.7156603285436,15.4486700589249,11.7652276711488,9.17000858057543
SAANSHKSTTDTGGDMEGNNPTND,375.166904519537,153.598243383121,70.1338192225293,34.3251678875149,22.5229549145688,15.3741768672613,11.7847893603526,9.06030851521676
SADKHKTADNQNSMSTQNGGHGNS,373.115645825884,156.010564732371,65.6503867884418,34.064697520305,22.4201014233286,15.4368197183551,11.8539636159959,9.3475784602697
SAHDGDEGHKQQAAGNHEASNNHA,364.953592974252,148.274575009313,64.5084719241422,34.0204559130108,22.8638909908206,15.5566384853928,11.9347398102887,9.24480270455577
SDAEDNQTHQADSVSGHTQTTQKT,374.564630704128,149.478137008435,71.8323160487502,34.3647821874919,23.4921978190682,15.9451001121007,11.9052005071122,9.24624916056753
SDDESEETQEATQTTSVGTTGQKK,375.724902624008,151.001364528794,71.1238014755158,35.4095801023953,23.2475033049091,15.7725419308193,11.8120392700701,9.08065200535081
SDSDDEDDGEQQATGSATHAGKKT,363.536587419871,139.4871096311,70.5998915588857,36.0602524790937,22.6590007391925,15.6171127476422,11.7886725384631,9.06489886088876
SEADEEETSSAETNTAGHHGSKKS,363.838145611535,139.070805928691,71.4853755052694,35.6257073294675,22.8566809298037,15.6102241637776,11.8095998561241,9.0769132113019
SEAQDDATQNTAGATHQGKNSRGK,364.52265369585,141.020868333915,70.4170519617667,33.9566398891708,23.9364389168315,15.7592920837545,11.8102639313286,9.11974666441727
SEDDADKAHNGDAHTTGVSNKGKK,367.720631046645,147.131282880316,69.4190638107311,33.5730715131374,22.9654190649835,15.3577666097921,11.8445424803611,9.03507617619582
SEGDGENKSPHESSSHHSGSSADT,374.047029492135,158.334276959566,65.6819741695386,32.8505355179824,22.7314470864728,15.4429392236084,11.5257237399412,9.11324617545277
SEQAAHGNATGEETARQKSKPRAH,371.314072481823,149.23787375765,68.3859602513907,34.8401295655894,23.0188661735117,16.1070669810339,12.0090066967698,9.18304769572516
SETDDAASQTSTSSPSARQGNKDG,373.252847185401,152.333431892072,69.3402331825448,34.1245297583727,22.8025918231875,15.5282275014973,11.7070627144678,9.03633052861039
SGDETDTTSRNTGPSQSASANERT,374.991938458515,155.510592822722,67.1830567347736,33.9586268523045,23.348033203374,15.5640171618833,11.8421681357409,9.17280080568664
SGENHDHKSGPSAANGNNSSTKNA,363.567862685913,146.644520817277,67.0320286320644,33.08138790579,22.3391195855489,15.2180229162981,11.6026468620725,9.16828838460929
SGPAASESENNKANNRATSEKTRG,378.124247874298,156.748801981396,68.5793986608036,34.3337331628829,23.4308703664331,15.5723735169096,11.9563810897106,9.15421393642831
SGRTTSTGHSTGETHEEDAEQTTA,370.551644559825,149.918661491881,68.6248519687735,34.1721173916206,23.0853435412576,15.5482728153067,11.7159054330436,9.05916533134385
SGSDTETANNEEGPDNAGTGHSDK,377.919475979459,160.155334386945,67.4141600778139,33.5689895774657,22.5688647661807,15.2187963918458,11.5006626670465,9.00447310307293
SHKKNAQKGNSVGGTQHATNSGDD,368.43644961423,146.60597698691,70.0174783873939,33.8136328897067,23.0106173198313,15.697065119528,11.8214019158208,9.17662133525195
SKASQTKNSHTNAQGGTEEAEESA,369.656060000395,146.241384817328,70.3209992962266,35.1268730995352,23.0922182248077,15.5624180092921,11.803098686626,9.22534964596733
SKKTKNHGQTGAKAGSSATSQEDE,367.524816956408,144.865666353623,70.004243277095,34.78523935169,23.0293241938813,15.5921616708644,11.8109530703646,9.02547940317956
SKQAKAGGPGPAGKNTHEDNQSTH,369.682327619851,150.304522886867,67.8046435420045,33.8698074536173,22.9895109925288,15.4388010755952,11.672473558465,9.19673331007551
SKSRKNNGVGSEAANDGSEGTGDP,366.215683472681,145.601947252635,68.5420215902834,34.931206969315,22.6613969372795,15.412319720129,11.7705115779933,8.97164986789389
SNKENEGQKQPNQSAHAATNSGAT,376.341762466118,156.229052986609,67.3736842064425,34.4997060290026,23.1460969836204,15.6759176357657,11.8594193820111,9.12796707562729
SNKSDQSNASAHATQTKNGTHSPS,374.650810312908,155.312198088062,67.9071938463331,34.0435930514491,22.419795217751,15.5796273353855,11.8505894208313,9.23080157985579
SNRHKKQSQSTHSAGSADAAHSEN,369.160413963046,146.895805550356,68.8216372386521,35.1527094301419,23.1140772573845,15.822087564148,11.7399958577952,9.13382697882822
SNSTDQEETGTQQHHKAASAGDKT,372.046297614437,151.546883751564,67.1567171539672,34.9954669114339,22.9514523134625,15.8260224299399,12.0584068566029,9.17186234624996
SQGPNASANRRTRRAQSQADASTD,370.66848547201,154.151627332122,61.7697945440081,35.9859151597902,23.0252731697597,15.9037857451163,12.2253250055648,9.32190758148257
SQKSKGESQHNSAEHNHHGAQGGV,370.025640615558,152.714531787885,65.9484179656658,32.6311683666514,23.4962722302708,15.809789525865,11.8220615613255,9.14987414368163
SQSATGNQEDKAATDGEANKTKNS,375.425828853408,156.475643508149,67.9438050398063,33.8224360215483,22.4360633338745,15.7085135529619,11.622777259066,9.13604793801517
SRNSANRASHNGQSSQHSADSEEA,363.006995772762,142.985401897605,67.2147316841841,33.8558519147261,23.2985936177666,16.0026433516992,11.9607030809461,9.2389413960933
SSGKNKDTTEHAGNGPADHGQTGH,372.959534916348,153.945335439164,67.7125626416,34.0616900465208,22.4412176324527,15.2938622260641,11.8189167753394,9.20572253905442
SSNQRQHKKQSDHANAGPGQSGAA,374.697299344279,152.222081450522,69.0929404167432,35.3634406296966,22.8489789547224,15.6771884216008,12.0013685055274,9.1511408297923
SSSKRANQSVSHTSGASTKEEKTE,378.370252548427,157.26015435224,69.8511676888939,34.6096836956905,22.2459063276886,15.5177560354269,11.734051039294,9.04587318770984
SSSMEKTKSNQTHATDADGTHGSD,378.959057232387,157.567290156478,68.6845354765696,35.0694926143344,22.9217687483167,15.504827846895,11.8159596171936,9.13557258358947
SSTDNGPDQATHVSGTKNEGQENT,376.360359012535,157.477772400236,67.0489991428176,34.206240072801,22.8568509437961,15.5047951302937,11.7201381312977,9.16845746789631
STDGNTGTGEATHHSDSGKTTHKS,369.798555558752,151.532374598275,66.4739196018845,34.8353132962142,22.25155958444,15.6806074430362,11.5935759961232,8.98102670883551
STRGSKSVAKTQSKAHEESEADTQ,371.993996567203,150.500205145306,68.4028639752565,34.9642449083304,23.0287814849946,15.5955702893759,11.8991117488089,9.18531265806898
TAKKNATQSAAAGADHSDEDQDDD,362.835958122035,136.898840713607,72.8965186635946,34.8738866616119,23.594808369469,15.4516939607682,11.7220158852044,9.11319579737873
TAKKNQAQHSASSNESTEEASQAD,372.532125943767,147.126975410074,71.8051084093872,34.9069970761811,23.4986721493271,15.7453401615495,11.8323888053788,9.18303020497519
TEDEATDAHQTSSVTGTNTHRKKG,367.476801688267,142.453581698464,70.6971652740417,35.6612582228028,23.8223512964872,15.5059669510572,11.9050676383727,9.24234620499257
TKAQQRAHHQQTTADHGEGAGVNN,365.61529743538,145.425310150827,67.0138046436502,34.0990522088693,23.7793689145453,15.6380493863427,11.9504711518957,9.28935784661272
TKKAANKSHQTNASDETSMNTENG,375.055696946021,150.871551156098,70.7912486081724,34.7489056854605,23.6153205318624,15.7069584721075,11.8390158495416,9.13453556153392
TKKNGPANGGHSSGPTADTHHEDA,360.345677798189,144.361803698336,65.941795036487,33.5153806416203,22.3456780385908,15.0834185460206,11.4687065388591,8.96906618725042
TKKTRGQSHGPTAHAGTAEDSEDE,359.75512745465,135.978874269201,69.9847425143156,35.215406030436,23.3792772532249,15.6877221894637,11.9730956092152,9.15015726657059
TNRSNTSHTAGSGAAKSESDQNRN,368.545435240647,148.177105791057,68.0987850050458,34.2016135167967,22.9049490906758,15.6734268982077,11.941656045,9.15237146994701
TRTARSNSGSHDEDESSVGSQDHT,366.174023696696,147.142516199141,66.187375609733,34.8069463399725,22.8766345211624,15.6275373357137,12.0793170756711,9.16322147047222
TSGKQSTGQTGGQREGQTGGDSNA,369.321192791836,152.239519285146,66.2245984878172,33.8155255832062,22.4917008296935,15.3557048688645,11.7100401492787,9.13016354569462
TSKKSAKKNNGVNGDDHEGDASAT,363.304851768332,140.987099337007,70.4600235111564,33.7230060850978,23.2146128040866,15.6522486821184,11.8010227492025,9.03234368471189
TTAAKSGHGNDQASPDHSNRAHED,370.746051072642,150.892418696452,68.2042920874059,34.3050824219285,22.4342735522363,15.624313942775,11.8505604227409,9.10409909758246
TTTTAHSNQTKANQRTEHETDGTA,376.801841950797,154.362994052148,69.2802964828415,34.8935626986635,22.8522113022024,15.8350123578987,12.0885908921328,9.18260397170723
